location,bedrooms,bathrooms,toilets,area_sqm,type,price_naira
Banana Island Ikoyi Lagos,4,4,5,,4 BEDROOM DETACHED DUPLEX,
Lekki Lagos,5,5,6,,5 BEDROOM DETACHED DUPLEX,
Ikoyi Lagos,,,,,LAND,
Ikoyi Lagos,4,4,5,,4 BEDROOM TERRACE,
Victoria Island Lagos,,,1,,COMMERCIAL PROPERTY,
Banana Island Ikoyi Lagos,5,5,6,,5 BEDROOM HOUSE,
Lekki Lagos,2,2,3,,2 BEDROOM BLOCK OF FLATS,
Lekki Phase 1 Lekki Lagos,4,4,5,,4 BEDROOM TERRACED DUPLEX,
Ikate Elegushi Lekki Lagos,2,2,3,,2 BEDROOM FLAT & APARTMENT,
Guzape Abuja Phase 1 Abuja,3,3,4,,3 BEDROOM TERRACED DUPLEX,
Ikate Lekki Phase One Lekki Phase 1 Lagos,2,2,3,,2 BEDROOM BLOCK OF FLATS For Sale,
Lekki Phase 1 Lekki Lagos,3,3,4,,3 BEDROOM BLOCK OF FLATS,
Old Ikoyi Ikoyi Lagos,,,,,LAND,
Banana Island Ikoyi Lagos,4,4,5,,4 BEDROOM BLOCK OF FLATS,
Victoria Island Lagos,,,,,LAND,
Old Ikoyi Ikoyi Lagos,3,3,4,,3 BEDROOM BLOCK OF FLATS,
Banana Island Ikoyi Lagos,1,1,2,,1 BEDROOM SHARED APARTMENT,
Lekki Phase 1 Lekki Lagos,5,5,6,,5 BEDROOM DETACHED DUPLEX,
Ikoyi Lagos,3,3,4,,3 BEDROOM BLOCK OF FLATS,
Ikoyi Lagos,4,4,5,,4 BEDROOM BLOCK OF FLATS,
Ikoyi Lagos,1,1,2,,1 BEDROOM SHARED APARTMENT,
Banana Island Ikoyi Lagos,2,2,3,,2 BEDROOM BLOCK OF FLATS,
Lekki Phase 1 Lagos,3,3,4,,3 BEDROOM SHARED APARTMENT,
Lekki Phase 1 Lekki Lagos,4,4,5,,4 BEDROOM MAISONETTE,
Lekki Lagos,2,2,3,,2 BEDROOM FLAT & APARTMENT,
Oniru Estate Oniru Victoria Island Lagos,3,3,4,,3 BEDROOM BLOCK OF FLATS,
Lekki Phase 1 Lekki Lagos,4,4,5,,4 BEDROOM DETACHED DUPLEX,
Mabushi Abuja Phase 1 Abuja,4,4,5,,4 BEDROOM TERRACED DUPLEX,
Lekki Phase 1 Lekki Lagos,3,3,4,,3 BEDROOM FLAT & APARTMENT,
Victoria Island Lagos,,,,,LAND,
Ikoyi Lagos,3,3,4,,3 BEDROOM BLOCK OF FLATS,
Victoria Island Lagos,4,4,5,,4 BEDROOM BLOCK OF FLATS,
Lekki Phase 1 Lagos,3,3,4,,3 BEDROOM COMMERCIAL PROPERTY,
Banana Island Ikoyi Lagos,2,2,3,,2 BEDROOM SHARED APARTMENT,
Lekki Phase 1 Lekki Lagos,4,4,5,,4 BEDROOM TERRACED DUPLEX,
Lekki Phase 1 Lekki Lagos,10,10,10,,10 BEDROOM TERRACED DUPLEX,
Victoria Island Lagos,,,,,LAND,
Chevron Drive Lekki Lagos,4,4,5,,4 BEDROOM SEMI DETACHED DUPLEX,
Lekki Phase 1 Lekki Lagos,2,2,3,,2 BEDROOM SHARED APARTMENT,
Ikoyi Lagos,,1,1,,OFFICE,
Banana Island Ikoyi Lagos,3,3,4,,3 BEDROOM SHARED APARTMENT,
Ikoyi Lagos,3,3,4,,3 BEDROOM SHARED APARTMENT,
Banana Island Ikoyi Lagos,2,2,3,,2 BEDROOM BLOCK OF FLATS,
Lekki Phase 1 Lekki Lagos,4,4,5,,4 BEDROOM SEMI DETACHED DUPLEX,
Old Ikoyi Lagos,3,3,4,,3 BEDROOM FLAT & APARTMENT,
Ikoyi Lagos,5,5,6,,5 BEDROOM DETACHED DUPLEX,
Asokoro Abuja Phase 1 Abuja,3,3,4,,3 BEDROOM SHARED APARTMENT,
Lekki Phase 1 Lekki Lagos,1,,,,1 BEDROOM MINI FLAT,
Ikoyi Lagos,3,3,4,,3 BEDROOM SHARED APARTMENT,
Victoria Island Lagos,,,,,COMMERCIAL PROPERTY,
Lekki Phase 1 Lekki Lagos,5,5,6,,5 BEDROOM SEMI DETACHED DUPLEX,
Ikoyi Lagos,5,5,6,,5 BEDROOM DETACHED DUPLEX,
Lekki Phase 1 Lekki Lagos,4,4,5,,4 BEDROOM TERRACED DUPLEX,
Oniru Victoria Island Lagos,4,4,5,,4 BEDROOM DUPLEX,
Ikoyi Lagos,3,3,4,,3 BEDROOM SHARED APARTMENT,
Lekki Phase 1 Lekki Lagos,2,2,3,,2 BEDROOM BLOCK OF FLATS,
Lekki Phase 1 Lekki Lagos,2,2,3,,2 BEDROOM BLOCK OF FLATS,
Victoria Island Lagos,6,6,7,,6 BEDROOM DETACHED DUPLEX,
Old Ikoyi Ikoyi Lagos,,,,,LAND,
Lekki Phase 1 Lekki Lagos,3,3,4,,3 BEDROOM SHARED APARTMENT,
Victoria Island Lagos,,,,,LAND,
Banana Island Road Ikoyi Lagos,4,4,5,,4 BEDROOM FLAT & APARTMENT,
Old Ikoyi Ikoyi Lagos,,,,,JOINT VENTURE LAND,
Old Ikoyi Ikoyi Lagos,3,3,4,,3 BEDROOM SHARED APARTMENT,
Victoria Island Lagos,5,5,6,,5 BEDROOM DETACHED DUPLEX,
Lekki Phase 1 Lekki Lagos,2,2,3,,2 BEDROOM SHARED APARTMENT,
Oniru Victoria Island Lagos,1,1,2,,1 BEDROOM FLAT & APARTMENT,
Lekki Phase 1 Lekki Lagos,3,3,4,,3 BEDROOM COMMERCIAL PROPERTY,
Banana Island Ikoyi Lagos,4,4,5,,4 BEDROOM TERRACE,
Victoria Island Lagos,4,4,5,,4 BEDROOM BLOCK OF FLATS,
Old Ikoyi Ikoyi Lagos,3,3,4,,3 BEDROOM BLOCK OF FLATS,
Ikoyi Ikoyi Lagos,3,3,4,,3 BEDROOM BLOCK OF FLATS,
Lekki Phase 1 Lekki Lagos,6,6,7,,6 BEDROOM SEMI DETACHED DUPLEX,
Ikoyi Lagos,3,3,4,,3 BEDROOM BLOCK OF FLATS,
Lekki Phase 1 Lekki Lagos,4,4,5,,4 BEDROOM SEMI DETACHED DUPLEX,
Lekki Phase 1 Lekki Lagos,4,4,5,,4 BEDROOM SEMI DETACHED DUPLEX,
Lekki Phase 1 By Freedom Way Lekki Phase 1 Lagos,4,5,5,,4 BEDROOM TERRACE For Sale,
Oniru Victoria Island Lagos,2,2,3,,2 BEDROOM BLOCK OF FLATS,
Orchid Lekki Phase 1 Lekki Lagos,4,4,5,,4 BEDROOM DETACHED DUPLEX,
Agungi Lekki Lagos,2,2,3,,2 BEDROOM FLAT & APARTMENT,
Victoria Island Lagos,,,1,,OFFICE,
Lekki Lagos,4,4,5,,4 BEDROOM BLOCK OF FLATS,
Lekki Phase 1 Lekki Lagos,2,2,3,,2 BEDROOM MAISONETTE,
Lekki Phase 1 Lekki Lagos,2,2,3,,2 BEDROOM FLAT & APARTMENT,
Lekki Lagos,4,4,5,,4 BEDROOM TERRACE,
Lekki Phase 1 Lekki Lagos,1,1,2,,1 BEDROOM BLOCK OF FLATS,
Lekki Phase 1 Lekki Lagos,5,5,6,,5 BEDROOM SEMI DETACHED DUPLEX,
Ikoyi Lagos,4,4,5,,4 BEDROOM DETACHED DUPLEX,
Lekki Phase 1 Lagos,4,4,5,,4 BEDROOM TERRACED DUPLEX,
Old Ikoyi Ikoyi Lagos,4,4,5,,4 BEDROOM DETACHED DUPLEX,
Ikoyi Lagos,,,1,,OFFICE,
Parkview Estate Ikoyi Lagos,5,5,6,,5 BEDROOM TERRACED DUPLEX,
Victoria Island Lagos,5,5,6,,5 BEDROOM DETACHED DUPLEX,
Ikoyi Lagos,3,3,4,,3 BEDROOM HOUSE,
Ikoyi Lagos,4,4,5,,4 BEDROOM TERRACE,
Ikoyi Lagos,,,,,LAND,
Lekki Phase 1 Lekki Lagos,4,4,5,,4 BEDROOM TERRACED DUPLEX,
Ikoyi Lagos,3,3,4,,3 BEDROOM BLOCK OF FLATS,
Victoria Garden City Lekki Lagos,4,5,5,,4 BEDROOM DETACHED DUPLEX For Sale,
Ikoyi Lagos,4,4,5,,4 BEDROOM TERRACE,
Lekki Phase 1 Lekki Lagos,3,3,4,,3 BEDROOM BLOCK OF FLATS,
Victoria Island Lagos,6,6,7,,6 BEDROOM BLOCK OF FLATS,
Ikoyi Lagos,1,1,2,,1 BEDROOM SHARED APARTMENT,
Off Ligali Ayoride Ligali Ayorinde Victoria Island Lagos,3,3,4,,3 BEDROOM BLOCK OF FLATS,
Maryland Lagos,1,1,1,,1 BEDROOM MINI FLAT,
Apapa Apapa Lagos,1,1,1,,1 BEDROOM MINI FLAT,
Ikate Lekki Lagos,2,2,3,,2 BEDROOM FLAT & APARTMENT,
Lekki Phase 1 Lekki Phase 1 Lekki Lagos,3,3,4,,3 BEDROOM BLOCK OF FLATS,
Gbagada Gbagada Lagos,5,5,5,,5 BEDROOM DETACHED DUPLEX,
Orchid Road Lekki Ikota Lagos Ikota Lekki Lagos,4,4,5,,4 BEDROOM DUPLEX,
Lekki Phase 1 Lagos,1,,,,1 BEDROOM MINI FLAT,
Victoria Island Victoria Island Lagos,3,3,4,,3 BEDROOM BLOCK OF FLATS,
Ikota Lekki Lagos,,,,,MALL/COMPLEX/PLAZA,
Oniru Victoria Island Lagos,3,3,5,,3 BEDROOM BLOCK OF FLATS,
Guzape Abuja Phase 1 Abuja,4,4,5,,4 BEDROOM TERRACED DUPLEX,
Ajah Ajah Lagos,3,3,4,,3 BEDROOM TERRACED DUPLEX,
Secure Estate At Harris Drive Lekki Victoria Garden City Lekki Lagos,2,2,3,,2 BEDROOM BLOCK OF FLATS,
Osapa Osapa London Lekki Lagos,4,4,5,,4 BEDROOM TERRACED DUPLEX,
Shonibare Estate Shonibare Estate Maryland Lagos,3,3,4,,3 BEDROOM BLOCK OF FLATS,
Tanker Park Transekulu Enugu Area Enugu,3,4,4,,3 BEDROOM MINI FLAT,
Victoria Garden City Lekki Lagos,,,,,RESIDENTIAL LAND For Sale,
Victoria Island Ligali Ayorinde Victoria Island Lagos,5,5,6,,5 BEDROOM DETACHED DUPLEX,
Ikate Elegushi Lekki Lagos,2,2,3,,2 BEDROOM BLOCK OF FLATS,
Maitama Maitama Abuja Phase 1 Abuja,3,3,4,,3 BEDROOM BLOCK OF FLATS,
Anthony Village Maryland Lagos,3,3,3,,3 BEDROOM BLOCK OF FLATS,
Orchid Lekki Expressway Lekki Lagos,1,1,2,,1 BEDROOM SHARED APARTMENT,
Secure Estate At Orchid Lekki Along Lekki Expressway Lekki Lagos,4,4,5,,4 BEDROOM TERRACED DUPLEX,
Friend Colony Agungi Osapa Lekki Lagos,2,2,3,,2 BEDROOM BLOCK OF FLATS,
Off First Avenue Ikoyi Ikoyi Lagos,3,3,4,,3 BEDROOM BLOCK OF FLATS,
Estate Lekki Lagos,1,1,1,,1 BEDROOM SHARED APARTMENT,
Guzape Abuja Phase 1 Abuja,4,4,5,,4 BEDROOM TERRACED DUPLEX,
Oniru Victoria Island Oniru Victoria Island Lagos,3,3,3,,3 BEDROOM MINI FLAT,
Old Ikoyi Lagos,3,3,4,,3 BEDROOM FLAT & APARTMENT,
Ikate Elegushi Lekki Lagos,4,4,6,,4 BEDROOM SEMI DETACHED DUPLEX,
Banana Island Lagos Banana Island Ikoyi Lagos,3,3,4,,3 BEDROOM MAISONETTE,
Maitama Maitama Abuja Phase 1 Abuja,3,3,4,,3 BEDROOM BLOCK OF FLATS,
"Omitoro, Ijede Road, Ijede Ikorodu Lagos",2,2,2,,2 BEDROOM BLOCK OF FLATS,
Parkview Estate Parkview Estate Ikoyi Lagos,5,5,6,,5 BEDROOM DETACHED DUPLEX,
Freedom Way Lekki Phase 2 Lekki Lagos,3,3,4,,3 BEDROOM BLOCK OF FLATS,
Old Ikoyi Ikoyi Lagos,4,4,5,,4 BEDROOM TERRACED DUPLEX,
Osapa London Lekki Lagos,2,2,3,,2 BEDROOM BLOCK OF FLATS,
Orchid Lekki Expressway Lekki Lagos,1,1,2,,1 BEDROOM SHARED APARTMENT,
Banana Island Ikoyi Lagos,5,5,6,,5 BEDROOM HOUSE For Sale,
Gra Ikota Lekki Lagos,3,3,4,,3 BEDROOM TERRACE,
Osapa London Lekki Lagos,,,1,,OFFICE,
Ikate Lekki Lagos,2,2,3,,2 BEDROOM FLAT & APARTMENT,
Ait Road Alagbado Lagos State Alagbado Abule Egba Lagos,0,0,0,,SHOP,
Omole Olowora Ojodu Lagos,3,4,4,,3 BEDROOM BLOCK OF FLATS,
Lekki Phase 1 Lekki Lagos,3,3,4,,3 BEDROOM FLAT & APARTMENT,
Ologolo Lekki Lagos,4,4,5,,4 BEDROOM DETACHED DUPLEX,
Allen Opebi Ikeja Lagos,3,4,4,,3 BEDROOM BLOCK OF FLATS,
Lekki Phase 1 Lekki Lagos,4,,,,4 BEDROOM TERRACE,
Osapa London Lekki Lagos,4,4,5,,4 BEDROOM DETACHED DUPLEX,
Omole Phase2 Omole Phase 2 Ojodu Lagos,2,3,3,,2 BEDROOM BLOCK OF FLATS,
Lekki Phase 1 Lagos,5,5,6,,5 BEDROOM DETACHED DUPLEX,
Olowotedo Ibafo Ogun Area Ogun,6,7,7,,6 BEDROOM TERRACED DUPLEX,
"Beside Prime Water, Off Freedom Way, Lekki Phase 1 Lekki Phase 1 Lekki Lagos",3,3,3,,3 BEDROOM BLOCK OF FLATS,
Sapphire Garden Awoyaya Ajah Lagos,4,4,5,,4 BEDROOM TERRACED BUNGALOW,
Lekki Phase 1 Lekki Lagos,5,,,,5 BEDROOM DUPLEX,
Pinnock Beach Estate Osapa London Lekki Lagos,5,5,6,,5 BEDROOM DETACHED DUPLEX,
Banana Island Ikoyi Lagos,2,,,,2 BEDROOM FLAT & APARTMENT,
Omole Phase2 Omole Phase 2 Ojodu Lagos,3,4,4,,3 BEDROOM BLOCK OF FLATS,
Lekki Phase 1 Lekki Lagos,5,5,6,,5 BEDROOM DETACHED DUPLEX,
Old Ikoyi Ikoyi Lagos,4,,,,4 BEDROOM HOUSE,
Old Ikoyi Lagos,2,2,3,,2 BEDROOM FLAT & APARTMENT,
Opic Estate Isheri North Ojodu Lagos,2,3,3,,2 BEDROOM BLOCK OF FLATS,
Wuye District Wuye Abuja Phase 2 Abuja,1,1,2,,1 BEDROOM FLAT & APARTMENT,
Off Freedom Way Lekki Lagos,1,1,,,1 BEDROOM STUDIO APARTMENT,
Victoria Island Victoria Island Lagos,4,4,4,,4 BEDROOM DUPLEX,
Azuri Tower Two Eko Atlantic Victoria Island Lagos,3,4,4,,3 BEDROOM FLAT & APARTMENT,
Ikeja Opebi Ikeja Lagos,4,5,5,,4 BEDROOM HOUSE,
Ikoyi Lagos,6,6,7,,6 BEDROOM COMMERCIAL PROPERTY,
Lekki Phase 1 Lekki Phase 1 Lekki Lagos,3,3,3,,3 BEDROOM BLOCK OF FLATS,
Ikate Elegushi Lekki Lagos,2,2,3,,2 BEDROOM FLAT & APARTMENT,
Victoria Island Victoria Island Lagos,2,2,3,,2 BEDROOM FLAT & APARTMENT,
Lekki Phase 1 Lekki Lagos,5,,,,5 BEDROOM DETACHED DUPLEX,
Central Ikoyi Ikoyi Lagos,3,3,4,,3 BEDROOM FLAT & APARTMENT,
Lekki Phase 1 Lekki Lagos,3,,,,3 BEDROOM FLAT & APARTMENT,
Lekki Phase 1 Lekki Phase 1 Lekki Lagos,4,4,4,,4 BEDROOM DETACHED DUPLEX,
Olowora Olowora Ojodu Lagos,2,3,3,,2 BEDROOM SEMI DETACHED DUPLEX,
Ikoyi Lagos,4,,,,4 BEDROOM DETACHED DUPLEX,
Old Ikoyi Ikoyi Lagos,3,3,4,,3 BEDROOM BLOCK OF FLATS,
Osapa London Lekki Lagos,4,,,,4 BEDROOM SEMI DETACHED DUPLEX,
Lekki Phase 1 Lekki Phase 1 Lekki Lagos,4,4,4,,4 BEDROOM TERRACED DUPLEX,
Off Admiralty Way Lekki Phase 1 Lekki Lagos,,,,,OFFICE,
Lekki Phase 1 Lekki Lagos,3,,,,3 BEDROOM FLAT & APARTMENT,
Magodo Kosofe/ikosi Lagos,1,1,1,,1 BEDROOM STUDIO APARTMENT Short let,
Central Business District Central Area Abuja Phase 1 Abuja,,,,,OFFICE,
Jahi Abuja Phase 2 Abuja,3,3,4,,3 BEDROOM DUPLEX,
Magodo Phase1 Gra Magodo Gra Phase 1 Ojodu Lagos,2,3,3,,2 BEDROOM BLOCK OF FLATS,
Maple Estate Oko Oba Agege Lagos,2,3,3,,2 BEDROOM BLOCK OF FLATS,
"Azuri Tower Two, Eko Atlantic City Eko Atlantic Victoria Island Lagos",4,5,5,,4 BEDROOM FLAT & APARTMENT,
Lekki Lekki Lagos,5,5,5,,5 BEDROOM DETACHED DUPLEX,
Olowotedo Via Arepo Berger Lagos Extension Ogun,2,,,,2 BEDROOM BLOCK OF FLATS,
Ikoyi Ikoyi Lagos,4,4,4,,4 BEDROOM TERRACED DUPLEX,
"Amen Estate, Eleko Lekki Lagos",7,7,8,,7 BEDROOM DETACHED DUPLEX,
Bluewaters Apartments Oniru Victoria Island Lagos,2,2,3,,2 BEDROOM BLOCK OF FLATS,
Lekki Phase 1 Lekki Lagos,,4,,,DETACHED DUPLEX,
Magodo Phase 2 Magodo Gra Phase 2 Kosofe/ikosi Lagos,2,2,3,,2 BEDROOM FLAT & APARTMENT,
Periwinkle Estate Lekki Phase 1 Lekki Lagos,4,4,5,,4 BEDROOM PENTHOUSE,
Azuri Tower One Eko Atlantic Victoria Island Lagos,4,5,5,,4 BEDROOM FLAT & APARTMENT,
Lekki Phase 1 Lekki Lagos,3,3,4,,3 BEDROOM FLAT & APARTMENT,
Chevron Drive Lekki Lagos,5,5,6,,5 BEDROOM DETACHED DUPLEX,
Jakande Bus Stop Jakande Lekki Lagos,,,,,LAND,
Central Business District Central Area Abuja Phase 1 Abuja,,,,,OFFICE,
Ikoyi Ikoyi Lagos,4,4,5,,4 BEDROOM FLAT & APARTMENT,
Banana Island Estate Banana Island Ikoyi Lagos,4,3,4,,4 BEDROOM TERRACE,
Banana Island Ikoyi Lagos,3,3,4,,3 BEDROOM BLOCK OF FLATS,
Lekki County Homes Ikota Lekki Lagos,5,,,,5 BEDROOM DETACHED DUPLEX For Sale,
Off Awolowo Road Old Ikoyi Ikoyi Lagos,3,,,,3 BEDROOM FLAT & APARTMENT,
Vi Victoria Island Lagos,4,4,5,,4 BEDROOM OFFICE,
Off Bourdillon Bourdillon Ikoyi Lagos,3,,,,3 BEDROOM BLOCK OF FLATS,
Old Ikoyi Old Ikoyi Ikoyi Lagos,4,4,5,,4 BEDROOM DETACHED DUPLEX,
Banana Island Estate Banana Island Ikoyi Lagos,3,3,4,,3 BEDROOM TERRACED DUPLEX,
Ikoyi Lagos,4,4,5,,4 BEDROOM HOUSE,
Banana Island Estate Banana Island Ikoyi Lagos,4,3,4,,4 BEDROOM SEMI DETACHED DUPLEX,
Lekki Right /oniru Lekki Lagos,4,4,4,,4 BEDROOM DUPLEX,
Banana Island Banana Island Ikoyi Lagos,4,4,5,,4 BEDROOM BLOCK OF FLATS,
Ikate Lekki Lekki Phase 1 Lekki Lagos,4,4,5,,4 BEDROOM TERRACE,
Ikoyi Lagos Ikoyi Ikoyi Lagos,3,3,4,,3 BEDROOM BLOCK OF FLATS,
Lekki Phase 1 Lagos,10,10,10,,10 BEDROOM BLOCK OF FLATS,
Lekki Right Lekki Phase 1 Lekki Lagos,3,3,4,,3 BEDROOM TERRACE,
Victoria Island Victoria Island Victoria Island Lagos,3,3,4,,3 BEDROOM BLOCK OF FLATS,
Victoria Island Lagos Victoria Island Victoria Island Lagos,4,4,5,,4 BEDROOM BLOCK OF FLATS,
"Golden Palm Estate, Lekki Phase 2 Lekki Phase 2 Lekki Lagos",4,4,5,,4 BEDROOM TERRACED DUPLEX,
Ikoyi Ikoyi Ikoyi Lagos,4,4,5,,4 BEDROOM TERRACE,
Chevron Lekki Chevron Drive Lekki Lagos,4,4,5,,4 BEDROOM DUPLEX,
Royal Garden Estate Ajiwe Ajah Lagos,3,3,4,,3 BEDROOM BLOCK OF FLATS,
Abacha Estate Ikoyi Ikoyi Ikoyi Lagos,4,4,5,,4 BEDROOM PENTHOUSE,
Ikota Lekki Ikota Lekki Lagos,4,4,5,,4 BEDROOM TERRACE,
Secured Estate In Ajah Ajah Lagos,4,4,5,,4 BEDROOM DUPLEX For Sale,
"Royal Pine, Orchid Lekki Phase 2 Lekki Lagos",1,1,1,,1 BEDROOM SHARED APARTMENT,
"Castle And Temple, Lekki Phase 1 Lekki Phase 1 Lekki Lagos",3,3,4,,3 BEDROOM FLAT & APARTMENT,
Ikate Lekki Lekki Phase 1 Lekki Lagos,4,4,5,,4 BEDROOM DUPLEX,
Ikate Lekki Lagos Shomolu Lagos,2,2,3,,2 BEDROOM FLAT & APARTMENT,
Allen Avenue Ikeja Lagos,,,,,OFFICE,
Chevron Lekki Chevron Drive Lekki Lagos,4,4,5,,4 BEDROOM DUPLEX,
"Dr Ladi Alakija, Lekki Phase 1 Lekki Phase 1 Lekki Lagos",1,1,1,,1 BEDROOM STUDIO APARTMENT,
Osapa London Lekki Phase 1 Lekki Lagos,1,1,1,,1 BEDROOM SHARED APARTMENT,
Ikoyi Lagos Ikoyi Ikoyi Lagos,2,2,3,,2 BEDROOM MAISONETTE,
Oniru Vi Oniru Victoria Island Lagos,3,3,4,,3 BEDROOM BLOCK OF FLATS,
Victoria Island Victoria Island Victoria Island Lagos,2,2,3,,2 BEDROOM BLOCK OF FLATS,
Old Ikoyi Lagos,3,3,4,,3 BEDROOM FLAT & APARTMENT,
Thomas Estate Lekki Phase 2 Lekki Lagos,4,4,5,,4 BEDROOM TERRACED DUPLEX,
Ikoyi Lagos Ikoyi Ikoyi Lagos,10,10,10,,10 BEDROOM BLOCK OF FLATS,
Ikoyi Mojisola Onikoyi Estate Ikoyi Lagos,6,6,7,,6 BEDROOM HOUSE,
Ikate Lekki Phase 1 Ikate Elegushi Lekki Lagos,1,1,1,,1 BEDROOM MINI FLAT,
Lekki Phase One Proper Lekki Phase 1 Lekki Lagos,2,2,3,,2 BEDROOM BLOCK OF FLATS,
Osapa London Lekki Lagos,2,2,3,,2 BEDROOM FLAT & APARTMENT,
Lekki Conservative Lekki Phase 1 Lekki Lagos,4,4,5,,4 BEDROOM DUPLEX,
Chevron Drive Lekki Chevron Drive Lekki Lagos,5,5,6,,5 BEDROOM SEMI DETACHED DUPLEX,
Orchid Road Lekki Phase 2 Lekki Lagos,4,4,5,,4 BEDROOM SEMI DETACHED DUPLEX,
Ologolo Lekki Lagos,4,,,,4 BEDROOM DUPLEX For Sale,
Lekki Phase One Proper Lekki Phase 1 Lekki Lagos,4,4,5,,4 BEDROOM MAISONETTE,
Ikate Lekki Phase One Lekki Phase 1 Lekki Lagos,5,5,6,,5 BEDROOM DUPLEX,
Pinnock Beach Osapa Osapa Lekki Lagos,4,4,5,,4 BEDROOM DUPLEX,
Orchid Lekki Phase 2 Lekki Phase 2 Lekki Lagos,2,2,3,,2 BEDROOM BLOCK OF FLATS,
Lekki Lagos,1,1,1,,1 BEDROOM FLAT & APARTMENT,
Ikate Lekki Lekki Phase 1 Lekki Lagos,5,5,6,,5 BEDROOM DUPLEX,
Lekki Phase One Proper Lekki Phase 1 Lekki Lagos,3,3,4,,3 BEDROOM BLOCK OF FLATS,
Proper Lekki Phase One Lekki Phase 1 Lekki Lagos,2,2,3,,2 BEDROOM BLOCK OF FLATS,
Ikoyi Lagos Ikoyi Ikoyi Lagos,2,2,3,,2 BEDROOM MAISONETTE,
Ikate Lekki Lekki Phase 1 Lekki Lagos,1,1,2,,1 BEDROOM FLAT & APARTMENT,
Plantinium Way Ikate Lekki Nicon Town Lekki Lagos,4,4,5,,4 BEDROOM TERRACE,
Victoria Island Lagos,3,3,4,,3 BEDROOM FLAT & APARTMENT,
"Royal Pine, Orchid Lekki Phase 2 Lekki Lagos",1,1,1,,1 BEDROOM SHARED APARTMENT,
Old Ikoyi Old Ikoyi Ikoyi Lagos,2,2,3,,2 BEDROOM BLOCK OF FLATS,
Lekki Phase One Proper Lekki Phase 1 Lekki Lagos,3,3,4,,3 BEDROOM BLOCK OF FLATS,
"Glover Road, Ikoyi Lekki Phase 1 Lekki Lagos",3,3,4,,3 BEDROOM DETACHED DUPLEX,
Chervon Lekki Phase 2 Lekki Phase 2 Lekki Lagos,4,4,5,,4 BEDROOM SEMI DETACHED DUPLEX,
Osapa London Lekki Phase 1 Lekki Phase 1 Lekki Lagos,3,3,4,,3 BEDROOM FLAT & APARTMENT,
Harris Drive Vgc Lekki Phase 2 Lekki Lagos,4,4,5,,4 BEDROOM TERRACE,
Chevron Chevron Drive Lekki Lagos,4,4,5,,4 BEDROOM SEMI DETACHED DUPLEX,
Off Admiralty Way Lekki Phase 1 Lekki Lagos,2,2,3,,2 BEDROOM FLAT & APARTMENT,
Lekki Phase 1 Lagos,2,2,3,,2 BEDROOM FLAT & APARTMENT For Sale,
Ilasan Lekki Ilasan Lekki Lagos,2,2,3,,2 BEDROOM BLOCK OF FLATS,
Parkview Ikoyi Ikoyi Lagos,4,4,5,,4 BEDROOM HOUSE,
"Opposite Orchid Hospital, Lekki Phase 2 Lekki Phase 2 Lekki Lagos",1,1,1,,1 BEDROOM SHARED APARTMENT,
Secure Estate In Lekki Phase One Lekki Phase 1 Lekki Lagos,2,2,3,,2 BEDROOM BLOCK OF FLATS,
Ogidan Sangotedo Sangotedo Lagos,2,2,3,,2 BEDROOM FLAT & APARTMENT,
Obafemi Awolowo Way Ikeja Lagos,3,3,3,,3 BEDROOM BLOCK OF FLATS,
Banana Island Banana Island Ikoyi Lagos,5,5,6,,5 BEDROOM DUPLEX,
Central Lekki Phase One Lekki Phase 1 Lekki Lagos,4,4,5,,4 BEDROOM MAISONETTE,
Old Ikoyi Old Ikoyi Ikoyi Lagos,3,3,4,,3 BEDROOM BLOCK OF FLATS,
Chevron Lekki Chevron Drive Lekki Lagos,5,5,6,,5 BEDROOM DUPLEX,
Orchid Lekki Lekki Phase 2 Lekki Lagos,4,4,5,,4 BEDROOM SEMI DETACHED DUPLEX,
Central Ikoyi Ikoyi Lagos,3,3,4,,3 BEDROOM FLAT & APARTMENT,
Balogun Ikeja Lagos,3,3,3,,3 BEDROOM BLOCK OF FLATS,
Nike Art Gallery Lekki Phase 1 Lekki Lagos,3,3,4,,3 BEDROOM MAISONETTE,
Lekki Lagos,4,4,5,,4 BEDROOM TERRACED DUPLEX,
"Oral Estate, Lekki Phase 2 Lekki Phase 2 Lekki Lagos",5,5,6,,5 BEDROOM TERRACED DUPLEX,
Ikate Lekki Phase One Lekki Phase 1 Lekki Lagos,2,2,3,,2 BEDROOM SEMI DETACHED DUPLEX,
Orchid Road Lekki Lekki Phase 2 Lekki Lagos,4,4,5,,4 BEDROOM DUPLEX,
Osborne Phase One Osborne Foreshore Estate Ikoyi Lagos,5,5,6,,5 BEDROOM DUPLEX,
Ikate Lekki Phase One Lekki Phase 1 Lekki Lagos,2,2,3,,2 BEDROOM BLOCK OF FLATS,
Chisco Ikate Lekki Lekki Phase 1 Lekki Lagos,4,4,5,,4 BEDROOM DUPLEX,
Lekki Phase 1 Lagos,5,5,6,,5 BEDROOM SHARED APARTMENT For Sale,
Off Freedom Way Ikate Lekki Lekki Phase 1 Lekki Lagos,3,3,4,,3 BEDROOM BLOCK OF FLATS,
Off Fola Osinbo Lekki Phase One Lekki Phase 1 Lekki Lagos,3,3,4,,3 BEDROOM BLOCK OF FLATS,
Chevron Toll Gate Lekki Phase 1 Lekki Lagos,2,2,3,,2 BEDROOM BLOCK OF FLATS,
Banana Island Road Banana Island Ikoyi Lagos,3,3,4,,3 BEDROOM BLOCK OF FLATS,
Chevron Lekki Chevron Drive Lekki Lagos,4,4,5,,4 BEDROOM SEMI DETACHED DUPLEX,
Oniru Estate Victoria Island Oniru Victoria Island Lagos,3,3,3,,3 BEDROOM BLOCK OF FLATS,
Parkview Ikoyi Parkview Estate Ikoyi Lagos,4,4,5,,4 BEDROOM TERRACED DUPLEX,
Lekki Phase One Proper Lekki Phase 1 Lekki Lagos,3,3,4,,3 BEDROOM BLOCK OF FLATS,
"Conservative, Orchid Lekki Lagos",4,4,5,,4 BEDROOM TERRACED DUPLEX,
Ikoyi Lagos,2,2,3,,2 BEDROOM FLAT & APARTMENT,
Bluewaters Victoria Island Lekki Phase 1 Lekki Lagos,2,2,3,,2 BEDROOM FLAT & APARTMENT,
Lekki Phase 1 Lagos,5,5,6,,5 BEDROOM DETACHED DUPLEX,
Lekki Conservative Lekki Phase 1 Lekki Lagos,4,4,5,,4 BEDROOM DUPLEX,
Royal Pine Orchid Lekki Phase 2 Lekki Lagos,1,1,1,,1 BEDROOM SHARED APARTMENT,
Osborne Phase One Ikoyi Ikoyi Lagos,4,4,5,,4 BEDROOM DETACHED DUPLEX,
Freedom Way Lekki Phase One Lekki Phase 1 Lekki Lagos,5,5,5,,5 BEDROOM DUPLEX,
"Vintage Estate, Majek Sangotedo Ajah Lagos",1,1,1,,1 BEDROOM FLAT & APARTMENT,
Ilasan Lekki Lagos,2,2,3,,2 BEDROOM FLAT & APARTMENT,
Orchid Road Lekki Lekki Phase 2 Lekki Lagos,4,4,5,,4 BEDROOM SEMI DETACHED DUPLEX,
Osapa London Lekki Phase 1 Lekki Lagos,1,1,1,,1 BEDROOM MINI FLAT,
Victoria Island Victoria Island Victoria Island Lagos,3,3,4,,3 BEDROOM BLOCK OF FLATS,
Secured Estate In Ajah Ajah Lagos,4,4,5,,4 BEDROOM DUPLEX For Sale,
Salem Ikate Lekki Lagos,3,3,4,,3 BEDROOM FLAT & APARTMENT,
"Banana Island, Ikoyi Banana Island Ikoyi Lagos",4,4,5,,4 BEDROOM TERRACED DUPLEX,
Idado Idado Lekki Lagos,3,3,4,,3 BEDROOM BLOCK OF FLATS,
Banana Island Ikoyi Banana Island Ikoyi Lagos,4,4,5,,4 BEDROOM DETACHED DUPLEX,
"Grace Court, Royal Pine Gate 1 Lekki Lagos",1,1,1,,1 BEDROOM STUDIO APARTMENT,
Ikota Lekki Ikota Lekki Lagos,4,4,5,,4 BEDROOM SEMI DETACHED DUPLEX,
Lekki Phase One Lekki Phase 1 Lekki Lagos,8,8,9,,8 BEDROOM OFFICE,
Thomas Ajah Ajah Ajah Lagos,3,3,4,,3 BEDROOM TERRACE,
Ologolo Lekki Ologolo Lekki Lagos,2,2,3,,2 BEDROOM BLOCK OF FLATS,
Lateef Jakande Road Agidingbi Ikeja Lagos,,,10,,OFFICE,
By Enyo Filling Station Ikate Elegushi Lekki Lagos,1,1,2,,1 BEDROOM MINI FLAT,
Magodo Phase 2 Magodo Gra Phase 2 Kosofe/ikosi Lagos,2,2,3,,2 BEDROOM FLAT & APARTMENT,
"Osapa London, Lekki Phase 1 Osapa London Lekki Lagos",1,1,1,,1 BEDROOM MINI FLAT,
Adeniyi Jones Ikeja Lagos,,,10,,OFFICE,
Idado Lekki Ologolo Lekki Lagos,4,4,5,,4 BEDROOM SEMI DETACHED DUPLEX,
Alt Route Chevron Drive Lekki Lagos,1,1,1,,1 BEDROOM FLAT & APARTMENT,
"Royal Pine, Orchid Lekki Phase 2 Lekki Lagos",1,1,1,,1 BEDROOM MINI FLAT,
Chevron Lekki Lagos,4,4,5,,4 BEDROOM DETACHED DUPLEX,
Ikeja Gra Ikeja Lagos,3,3,3,,3 BEDROOM BLOCK OF FLATS,
Osapa London Lekki Lekki Phase 1 Lekki Lagos,2,2,3,,2 BEDROOM BLOCK OF FLATS,
"Off Freedom Way, Ikate Lekki Phase 1 Lekki Lagos",2,2,3,,2 BEDROOM DETACHED DUPLEX,
Chevron Lekki Chevron Drive Lekki Lagos,5,5,6,,5 BEDROOM DUPLEX For Sale,
Ikate Lekki Phase One Lekki Phase 1 Lekki Lagos,3,3,4,,3 BEDROOM TERRACE,
Oral Estate Oral Estate Lekki Lagos,4,4,5,,4 BEDROOM SEMI DETACHED DUPLEX,
Igbo Ofon Igbo Efon Lekki Lagos,3,3,4,,3 BEDROOM TERRACE,
Lekki Right Lekki Phase 1 Lekki Lagos,2,2,3,,2 BEDROOM BLOCK OF FLATS,
Thomas Estate Ajah Thomas Estate Ajah Lagos,4,4,5,,4 BEDROOM TERRACE,
"Van Daniels Estate, Orchid Lekki Phase 2 Lekki Lagos",1,1,1,,1 BEDROOM STUDIO APARTMENT,
Thomas Estate Ajah Ajah Ajah Lagos,2,2,3,,2 BEDROOM BLOCK OF FLATS,
Vi Victoria Island Victoria Island Lagos,6,6,7,,6 BEDROOM SEMI DETACHED DUPLEX,
Omole Phase 2 Ojodu Lagos,4,4,4,,4 BEDROOM DETACHED DUPLEX,
Lekki Phase 1 Lagos Lekki Phase 1 Lekki Lagos,10,10,10,,10 BEDROOM BLOCK OF FLATS,
Van Daniels Estate Orchid Lekki Phase 2 Lekki Lagos,1,1,1,,1 BEDROOM SELF CONTAIN,
Banana Island Ikoyi Lagos,,,,,COMMERCIAL LAND,
"Orchid, Lekki Phase 2 Lekki Phase 2 Lekki Lagos",4,4,5,,4 BEDROOM SEMI DETACHED DUPLEX,
Lekki Conservative Lekki Phase 1 Lekki Lagos,4,4,5,,4 BEDROOM DUPLEX,
Lekki Phase One Lekki Phase 1 Lekki Lagos,4,4,5,,4 BEDROOM SEMI DETACHED DUPLEX,
Ikoyi South West Ikoyi South West Ikoyi Lagos,3,3,4,,3 BEDROOM BLOCK OF FLATS,
Ikoyi Ikoyi Ikoyi Lagos,3,3,4,,3 BEDROOM BLOCK OF FLATS,
Chevron Lekki Chevron Drive Lekki Lagos,5,5,6,,5 BEDROOM DUPLEX,
Victoria Island Lagos Victoria Island Victoria Island Lagos,3,3,4,,3 BEDROOM FLAT & APARTMENT,
Banana Island Ikoyi Banana Island Ikoyi Lagos,4,4,5,,4 BEDROOM SEMI DETACHED DUPLEX,
Ikate Lekki Phase One Lekki Phase 1 Lekki Lagos,2,2,3,,2 BEDROOM BLOCK OF FLATS,
Monestary Road Sangotedo Ajah Sangotedo Ajah Lagos,,,,,RESIDENTIAL LAND For Sale,
Friend's Colony Osapa London Lekki Phase 1 Lekki Lagos,2,2,3,,2 BEDROOM FLAT & APARTMENT,
Ikate Lekki Lekki Phase 2 Lekki Lagos,1,1,2,,1 BEDROOM FLAT & APARTMENT,
Royal Pine Gate 1 Orchid Lekki Phase 2 Lekki Lagos,4,4,5,,4 BEDROOM HOUSE,
Ikoyi Lagos Ikoyi Ikoyi Lagos,4,4,5,,4 BEDROOM TERRACE,
Ologolo Lekki Phase 1 Ologolo Lekki Lagos,1,1,1,,1 BEDROOM MINI FLAT,
Lekki Right Lekki Phase 1 Lekki Lagos,2,2,3,,2 BEDROOM BLOCK OF FLATS,
Imperial Oak Lekki Lagos,1,1,1,,1 BEDROOM SELF CONTAIN,
Osapa London Lekki Phase 1 Lekki Lagos,1,1,1,,1 BEDROOM SHARED APARTMENT,
Gerard Road Old Ikoyi Ikoyi Lagos,3,3,4,,3 BEDROOM BLOCK OF FLATS,
Ologolo Lekki Phase One Ologolo Lekki Lagos,2,2,3,,2 BEDROOM BLOCK OF FLATS,
Osapa London Lekki Phase 2 Lekki Lagos,5,5,4,,5 BEDROOM DETACHED DUPLEX,
Old Ikoyi Lagos,3,3,4,,3 BEDROOM BLOCK OF FLATS,
Banana Island Estate Banana Island Ikoyi Lagos,2,2,3,,2 BEDROOM BLOCK OF FLATS,
Orchid Road Lekki Phase 2 Lekki Lagos,4,4,5,,4 BEDROOM TERRACED DUPLEX,
"Van Daniels Estate, Orchid Lekki Phase 2 Lekki Lagos",1,1,1,,1 BEDROOM STUDIO APARTMENT,
"Jadeville Chevron Alternative, Lekki Chevron Drive Lekki Lagos",1,1,1,,1 BEDROOM FLAT & APARTMENT,
Parkview Ikoyi Ikoyi Lagos,4,4,5,,4 BEDROOM MAISONETTE,
Lekki Phase One Proper Lekki Phase 1 Lekki Lagos,2,2,3,,2 BEDROOM BLOCK OF FLATS,
Chevron Lekki Chevron Drive Lekki Lagos,4,4,5,,4 BEDROOM DUPLEX,
Ilaje Mobil Road Lekki Phase 2 Lekki Lagos,1,1,1,,1 BEDROOM FLAT & APARTMENT,
"Chervon Alternative, Lekki Phase 2 Lekki Phase 2 Lekki Lagos",4,4,5,,4 BEDROOM SEMI DETACHED DUPLEX,
Diplomatic Zone Katampe Ext. Abuja Phase 2,5,5,6,,5 BEDROOM DETACHED DUPLEX For Sale,
Ikoyi Ikoyi Ikoyi Lagos,4,4,5,,4 BEDROOM TERRACE,
Chevron Lekki Phase 2 Lekki Lagos,5,5,6,,5 BEDROOM DETACHED DUPLEX,
"Ikota Villa Estate, Lekki Phase 2 Ikota Lekki Lagos",4,4,5,,4 BEDROOM DETACHED DUPLEX,
Thompson Avenue Ikoyi Lagos,3,3,4,,3 BEDROOM FLAT & APARTMENT,
Ikoyi Lagos Ikoyi Ikoyi Lagos,4,4,5,,4 BEDROOM TERRACED DUPLEX,
Ikoyi Ikoyi Ikoyi Lagos,4,4,5,,4 BEDROOM TERRACE,
Gated Estate In Thomas Estate Thomas Estate Ajah Lagos,4,4,5,,4 BEDROOM DUPLEX,
Parkview Ikoyi Parkview Estate Ikoyi Lagos,10,10,10,,10 BEDROOM BLOCK OF FLATS,
"Royal Pine 3, Orchid Lekki Phase 2 Lekki Lagos",1,1,1,,1 BEDROOM STUDIO APARTMENT,
Glover Rd Ikoyi Lagos,4,4,5,,4 BEDROOM FLAT & APARTMENT,
Abijo Ibeju Lekki Abijo Ajah Lagos,,,1,,SHOP,
Lekki Phase 1 Lagos,3,3,4,,3 BEDROOM BLOCK OF FLATS,
Chisco Ikate Lekki Ikate Elegushi Lekki Lagos,3,3,4,,3 BEDROOM BLOCK OF FLATS,
Banana Island Ikoyi Banana Island Ikoyi Lagos,4,4,5,,4 BEDROOM DUPLEX,
Friend's Colony Osapa London Lekki Phase 1 Lekki Lagos,2,2,3,,2 BEDROOM FLAT & APARTMENT,
Ikoyi Lagos Ikoyi Ikoyi Lagos,4,4,5,,4 BEDROOM MAISONETTE,
Lekki Conservative Lekki Phase 1 Lekki Lagos,4,4,5,,4 BEDROOM DUPLEX,
"Opposite Orchid Hospital, Lekki Phase 2 Lekki Phase 2 Lekki Lagos",1,1,1,,1 BEDROOM SHARED APARTMENT,
Gra Alice News Estate Ikota Lekki Lagos,4,4,4,,4 BEDROOM TERRACED DUPLEX,
Osapa London Lekki Phase 1 Lekki Lagos,1,1,1,,1 BEDROOM SHARED APARTMENT,
Oniru Estate Oniru Victoria Island Lagos,3,3,4,,3 BEDROOM BLOCK OF FLATS,
Ajah Lagos,4,,,,4 BEDROOM SEMI DETACHED DUPLEX For Sale,
"Ikota, Lekki Phase 2 Lekki Phase 2 Lekki Lagos",4,4,5,,4 BEDROOM DETACHED DUPLEX,
Lekki Phase One Lekki Phase 1 Lekki Lagos,2,2,3,,2 BEDROOM BLOCK OF FLATS,
Victoria Island Victoria Island Lagos,,,10,,COMMERCIAL PROPERTY,
Lekki Scheme 2 Abraham Adesuya Abraham Adesanya Ajah Lagos,2,2,3,,2 BEDROOM BLOCK OF FLATS,
Ikate Lekki Phase One Lekki Phase 1 Lekki Lagos,2,2,3,,2 BEDROOM BLOCK OF FLATS,
Ikate Elegushi Freedom Way Lekki Lekki Phase 2 Lekki Lagos,2,2,3,,2 BEDROOM DETACHED DUPLEX,
Vinjoe Court In Ocean Harbor Estate Orchid Road Lekki Phase 2 Lekki Lagos,1,1,1,,1 BEDROOM SELF CONTAIN,
Victoria Island Lagos Victoria Island Victoria Island Lagos,3,3,4,,3 BEDROOM BLOCK OF FLATS,
Lekki Phase 1 Lekki Phase 1 Lekki Lagos,5,5,6,,5 BEDROOM DETACHED DUPLEX,
"Agungi, Lekki Phase 1 Agungi Lekki Lagos",1,1,1,,1 BEDROOM SHARED APARTMENT,
"Lekky County, Ikota Ikota Lekki Lagos",4,4,5,,4 BEDROOM SEMI DETACHED DUPLEX,
Chevy View Estate By Ada Chevron Drive Lekki Lagos,2,3,3,,2 BEDROOM PENTHOUSE,
Chevron Toll Gate Lekki Lekki Phase 2 Lekki Lagos,4,4,5,,4 BEDROOM SEMI DETACHED DUPLEX,
Idado Ologolo Lekki Lagos,4,4,5,,4 BEDROOM SEMI DETACHED DUPLEX,
Thomas Estate Ajah Thomas Estate Ajah Lagos,4,4,5,,4 BEDROOM TERRACE,
Osapa Lekki Osapa Lekki Lagos,5,5,6,,5 BEDROOM DUPLEX,
Chevron Alternative Chevron Drive Lekki Lagos,5,5,6,,5 BEDROOM DUPLEX,
Orchid Road Lekki Phase 2 Lekki Lagos,5,5,6,,5 BEDROOM DUPLEX,
Lekki Phase One Lekki Phase 1 Lekki Lagos,4,4,5,,4 BEDROOM DUPLEX,
Oral Estate Extension Lekki Phase 2 Lekki Lagos,3,3,4,,3 BEDROOM FLAT & APARTMENT,
"Ikota, Lekki Phase 2 Lekki Phase 2 Lekki Lagos",4,4,5,,4 BEDROOM TERRACED DUPLEX,
Bourdillon Ikoyi Lagos,4,4,5,,4 BEDROOM DETACHED DUPLEX For Sale,
Chevron Alt. Chevron Lekki Lagos,1,1,1,,1 BEDROOM SELF CONTAIN,
Proper Lekki Phase One Lekki Phase 1 Lekki Lagos,5,5,6,,5 BEDROOM DUPLEX,
Ikate Lekki Phase One Lekki Phase 1 Lekki Lagos,2,2,3,,2 BEDROOM BLOCK OF FLATS,
Ikate Lekki Lagos Lekki Phase 1 Lekki Lagos,4,4,5,,4 BEDROOM SEMI DETACHED DUPLEX,
Before Blenco Supermarket Abraham Adesanya Ajah Lagos,4,4,5,,4 BEDROOM TERRACE,
Ikate Lekki Phase One Lekki Phase 1 Lekki Lagos,2,2,3,,2 BEDROOM BLOCK OF FLATS,
"By Nicon, Ikate Lekki Phase 1 Lekki Lagos",2,2,3,,2 BEDROOM FLAT & APARTMENT,
Magodo Phase 2 Magodo Gra Phase 2 Kosofe Ikosi Lagos,2,2,3,,2 BEDROOM FLAT & APARTMENT,
"Lekky County, Ikota, Lekki Phase 2 Ikota Lekki Lagos",4,4,5,,4 BEDROOM HOUSE,
Banana Island Road Onikoyi Mojisola Onikoyi Estate Ikoyi Lagos,3,3,4,,3 BEDROOM BLOCK OF FLATS,
Osapa Osapa Lekki Lagos,4,4,5,,4 BEDROOM SEMI DETACHED DUPLEX,
Lekki Phase 1 Lagos,3,3,4,,3 BEDROOM COMMERCIAL PROPERTY,
Ilasan Ikate Lagos Ikate Elegushi Lekki Lagos,3,3,3,,3 BEDROOM SHARED APARTMENT,
Ikota Ikota Lekki Lagos,4,4,5,,4 BEDROOM TERRACED DUPLEX,
Lekki Lekki Lagos,3,3,4,,3 BEDROOM HOUSE,
Banana Island Ikoyi Lagos,3,3,4,,3 BEDROOM BLOCK OF FLATS,
Canaan Estate Sangotedo Ajah Lagos,3,3,4,,3 BEDROOM BLOCK OF FLATS,
Lekki Phase 1 Lagos Lekki Phase 1 Lekki Lagos,4,4,4,,4 BEDROOM TERRACED DUPLEX,
Lekki Phase 1 Lekki Phase 1 Lekki Lagos,5,5,7,,5 BEDROOM DETACHED DUPLEX,
Chevy View Estate By Ada Chevron Drive Lekki Lagos,2,3,3,,2 BEDROOM PENTHOUSE,
Lekki Phase 1 Lekki Lagos,4,4,5,,4 BEDROOM TERRACED DUPLEX,
